Collection Name,Title#1,Title Type#1,Title#2,Title Type#2,Title#3,Title Type#3,Name#1,Name Role Term Text#1,Name URI#1,Name#2,Name Role Term Text#2,Name URI#2,Name#3,Name Role Term Text#3,Name URI#3,Name#4,Name Role Term Text#4,Name URI#4,Resource Type#1,Resource Type URI#1,Genre#1,Genre URI#1,Genre#2,Genre URI#2,Date Created#1,Language Term#1,Language Term URI#1,Language Term Type#1,Extent#1,Form#1,Form URI#1,Abstract#1,Note#1,Subject Topic#1,Subject Topic URI#1,Subject Topic#2,Subject Topic URI#2,Subject Topic#3,Subject Topic URI#3,Subject Name#1,Subject Name URI#1,Subject Geographic#1,Subject Geographic URI#1,Subject Geographic#2,Subject Geographic URI#2,Subject Geographic#3,Subject Geographic URI#3,Subject Geographic#4,Subject Geographic URI#4,Identifier#1,Identifier ARK#1,Shelf Locator#1,Date Captured#1,Internet Media Type#1,Internet Media Type URI#1,Digital Origin#1,Access Condition#1,Access Condition URI#1,ln_RECORDID
Wheeler Survey Records,Odometer: Topographical records from camp at Provo,Proper,Geographical surveys west of the 100th meridian,Variant,,,United States. Army. Corps of Engineers,sponsor,http://id.loc.gov/authorities/names/n79069640,"Brown, A.",topographer,local,,,,,,,Manuscript,http://id.loc.gov/vocabulary/resourceTypes/man,field notes,http://vocab.getty.edu/page/aat/300027201,topographic surveys,http://vocab.getty.edu/page/aat/300079719,1873-06-06/1873-11-29,English,http://id.loc.gov/vocabulary/iso639-2/eng,eng,1 volume (107 pages),notebooks,http://vocab.getty.edu/page/aat/300264354,"A topographical field notebook recording odometer readings in Provo, Utah.",Double pages on ruled ledger paper with pre-printed column headings.,Topographical surveying,http://id.worldcat.org/fast/1152671,Distances--Measurement,http://id.loc.gov/authorities/subjects/sh85038512,,,"Wheeler, George M. (George Montague), 1842-1905",http://id.loc.gov/authorities/names/n82159058,"Provo (Utah, Utah, United States, North America) (inhabited place)",http://vocab.getty.edu/page/tgn/7014298,,,,,,,narv_wheelerSurveyRecords_bookNo117_item42.pdf,https://ark.colorado.edu/ark:/47540/xb7x8098x6rj,COU: 1705 | box 1 | item 42 | ID 315183,2025,application/pdf,https://www.iana.org/assignments/media-types/application/pdf,reformatted digital,"The organization that has made the Item available believes that the Item is in the Public Domain under the laws of the United States, but a determination was not made as to its copyright status under the copyright laws of other countries. The Item may not be in the Public Domain under the laws of other countries. Please refer to the organization that has made the Item available for more information.",http://rightsstatements.org/vocab/NoC-US/1.0/,1
Wheeler Survey Records,Explorations and surveys: Cimarron base levels,Proper,Geographical surveys west of the 100th meridian,Variant,,,United States. Army. Corps of Engineers,sponsor,http://id.loc.gov/authorities/names/n79069640,"Clark, Fred A.",topographer,local,,,,,,,Manuscript,http://id.loc.gov/vocabulary/resourceTypes/man,field notes,http://vocab.getty.edu/page/aat/300027201,topographic surveys,http://vocab.getty.edu/page/aat/300079719,1874-11-26/1874-12-09,English,http://id.loc.gov/vocabulary/iso639-2/eng,eng,1 volume (11 unnumbered pages),notebooks,http://vocab.getty.edu/page/aat/300264354,A topographical field notebook recording points of elevation from the west to east end of Cimarron base in Colorado.,Double pages on ruled ledger paper with pre-printed column headings.,Topographical surveying,http://id.worldcat.org/fast/1152671,Distances--Measurement,http://id.loc.gov/authorities/subjects/sh85038512,,,"Wheeler, George M. (George Montague), 1842-1905",http://id.loc.gov/authorities/names/n82159058,"[Cimarron (Montrose, Colorado, United States, North America) (inhabited place)]",http://vocab.getty.edu/page/tgn/2015332,,,,,,,narv_wheelerSurveyRecords_bookNo12_item1.pdf,https://ark.colorado.edu/ark:/47540/f72f2517t1f3,COU: 1705 | box 1 | item 1 | ID 314423,2025,application/pdf,https://www.iana.org/assignments/media-types/application/pdf,reformatted digital,"The organization that has made the Item available believes that the Item is in the Public Domain under the laws of the United States, but a determination was not made as to its copyright status under the copyright laws of other countries. The Item may not be in the Public Domain under the laws of other countries. Please refer to the organization that has made the Item available for more information.",http://rightsstatements.org/vocab/NoC-US/1.0/,2
Wheeler Survey Records,Triangulation: Explorations and surveys of Guerne Verde Peak to Baldy Peak,Proper,Geographical surveys west of the 100th meridian,Variant,,,United States. Army. Corps of Engineers,sponsor,http://id.loc.gov/authorities/names/n79069640,"Clark, Fred A.",topographer,local,,,,,,,Manuscript,http://id.loc.gov/vocabulary/resourceTypes/man,field notes,http://vocab.getty.edu/page/aat/300027201,topographic surveys,http://vocab.getty.edu/page/aat/300079719,1874-08-01/1874-11-15,English,http://id.loc.gov/vocabulary/iso639-2/eng,eng,1 volume (32 pages),notebooks,http://vocab.getty.edu/page/aat/300264354,"A field notebook recording triangulation of specific ""objects"" between Guerne Verde Peak to Baldy Peak in Colorado. The objects typically represent mountain peaks and base camps throughout Colorado, such as Pikes Peak and Spanish Peaks.",Double pages on ruled ledger paper with pre-printed column headings.,Topographical surveying,http://id.worldcat.org/fast/1152671,Distances--Measurement,http://id.loc.gov/authorities/subjects/sh85038512,Triangulation,http://id.loc.gov/authorities/subjects/sh85137410,"Wheeler, George M. (George Montague), 1842-1905",http://id.loc.gov/authorities/names/n82159058,"Baldy (Gunnison, Colorado, United States, North America) (peak)",http://vocab.getty.edu/page/tgn/2145655,"Pikes Peak (El Paso, Colorado, United States, North America) (peak)",http://vocab.getty.edu/page/tgn/1107469,"Greenhorn Mountain (Colorado, United States, North America) (peak)",http://vocab.getty.edu/page/tgn/2364964,,,narv_wheelerSurveyRecords_bookNo14_item2.pdf,https://ark.colorado.edu/ark:/47540/2g7j5t43c2hc,COU: 1705 | box 1 | item 2 | ID 314424,2025,application/pdf,https://www.iana.org/assignments/media-types/application/pdf,reformatted digital,"The organization that has made the Item available believes that the Item is in the Public Domain under the laws of the United States, but a determination was not made as to its copyright status under the copyright laws of other countries. The Item may not be in the Public Domain under the laws of other countries. Please refer to the organization that has made the Item available for more information.",http://rightsstatements.org/vocab/NoC-US/1.0/,3
Wheeler Survey Records,Computations of latitudes and departures: Topographical records from Fort Union to Pueblo,Proper,Geographical surveys west of the 100th meridian,Variant,,,United States. Army. Corps of Engineers,sponsor,http://id.loc.gov/authorities/names/n79069640,"Sommer, E. J.",topographer,http://id.loc.gov/authorities/names/no2010013879,"Maxson, Frank O.",topographer,local,"Blunt, Stanhope E. (Stanhope English), 1850-1926",field director,http://id.loc.gov/authorities/names/nr96014507,Manuscript,http://id.loc.gov/vocabulary/resourceTypes/man,field notes,http://vocab.getty.edu/page/aat/300027201,topographic surveys,http://vocab.getty.edu/page/aat/300079719,1874-10-22/1874-11-14,English,http://id.loc.gov/vocabulary/iso639-2/eng,eng,"1 volume (various pagings) (27 pages, 4 variously numbered pages)",notebooks,http://vocab.getty.edu/page/aat/300264354,"A topographical field notebook recording odometer readings from Fort Union in New Mexico to Pueblo, Colorado.",Double pages on ruled ledger paper with pre-printed column headings.,Topographical surveying,http://id.worldcat.org/fast/1152671,Distances--Measurement,http://id.loc.gov/authorities/subjects/sh85038512,,,"Wheeler, George M. (George Montague), 1842-1905",http://id.loc.gov/authorities/names/n82159058,"Pueblo (Pueblo, Colorado, United States, North America) (inhabited place)",http://vocab.getty.edu/page/tgn/7014300,"Fort Union (Mora, New Mexico, United States, North America) (deserted settlement)",http://vocab.getty.edu/page/tgn/1102095,,,,,narv_wheelerSurveyRecords_bookNo143_item14.pdf,https://ark.colorado.edu/ark:/47540/k3898d50357v,COU: 1705 | box 1 | item 14 | ID 314436,2025,application/pdf,https://www.iana.org/assignments/media-types/application/pdf,reformatted digital,"The organization that has made the Item available believes that the Item is in the Public Domain under the laws of the United States, but a determination was not made as to its copyright status under the copyright laws of other countries. The Item may not be in the Public Domain under the laws of other countries. Please refer to the organization that has made the Item available for more information.",http://rightsstatements.org/vocab/NoC-US/1.0/,4
Wheeler Survey Records,Computations of latitudes and departures of topographical meanders: Explorations and surveys from Pagosa Springs to Pueblo,Proper,Geographical surveys west of the 100th meridian,Variant,,,United States. Army. Corps of Engineers,sponsor,http://id.loc.gov/authorities/names/n79069640,"Cowles, W. A.",topographer,local,,,,,,,Manuscript,http://id.loc.gov/vocabulary/resourceTypes/man,field notes,http://vocab.getty.edu/page/aat/300027201,topographic surveys,http://vocab.getty.edu/page/aat/300079719,1874-09-19/1874-11-11,English,http://id.loc.gov/vocabulary/iso639-2/eng,eng,"1 volume (various pagings) (57 pages, 1 map (on page 50), 4 variously numbered pages)",notebooks,http://vocab.getty.edu/page/aat/300264354,"A topographical field notebook recording odometer readings from Pagosa Springs, Colorado to Pueblo, Colorado.",Double pages on ruled ledger paper with pre-printed column headings.,Topographical surveying,http://id.worldcat.org/fast/1152671,Distances--Measurement,http://id.loc.gov/authorities/subjects/sh85038512,,,"Wheeler, George M. (George Montague), 1842-1905",http://id.loc.gov/authorities/names/n82159058,"Pueblo (Pueblo, Colorado, United States, North America) (inhabited place)",http://vocab.getty.edu/page/tgn/7014300,"Pagosa Springs (Archuleta, Colorado, United States, North America) (inhabited place)",http://vocab.getty.edu/page/tgn/2016086,,,,,narv_wheelerSurveyRecords_bookNo167_item21.pdf,https://ark.colorado.edu/ark:/47540/8d7d8m9883r9,COU: 1705 | box 1 | item 21 | ID 314443,2025,application/pdf,https://www.iana.org/assignments/media-types/application/pdf,reformatted digital,"The organization that has made the Item available believes that the Item is in the Public Domain under the laws of the United States, but a determination was not made as to its copyright status under the copyright laws of other countries. The Item may not be in the Public Domain under the laws of other countries. Please refer to the organization that has made the Item available for more information.",http://rightsstatements.org/vocab/NoC-US/1.0/,5
Wheeler Survey Records,Topographical: Explorations and surveys of Trinidad base,Proper,Geographical surveys west of the 100th meridian,Variant,,,United States. Army. Corps of Engineers,sponsor,http://id.loc.gov/authorities/names/n79069640,"Nell, Louis",topographer,http://id.loc.gov/authorities/names/n50028440,,,,,,,Manuscript,http://id.loc.gov/vocabulary/resourceTypes/man,field notes,http://vocab.getty.edu/page/aat/300027201,topographic surveys,http://vocab.getty.edu/page/aat/300079719,1874-11-21/1874-11-24,English,http://id.loc.gov/vocabulary/iso639-2/eng,eng,1 volume (14 unnumbered pages),notebooks,http://vocab.getty.edu/page/aat/300264354,"A topographical field notebook recording odometer readings around Trinidad, Colorado.",,Topographical surveying,http://id.worldcat.org/fast/1152671,Distances--Measurement,http://id.loc.gov/authorities/subjects/sh85038512,Triangulation,http://id.loc.gov/authorities/subjects/sh85137410,"Wheeler, George M. (George Montague), 1842-1905",http://id.loc.gov/authorities/names/n82159058,"Trinidad (Las Animas, Colorado, United States, North America) (inhabited place)",http://vocab.getty.edu/page/tgn/2016425,,,,,,,narv_wheelerSurveyRecords_bookNo20_item3.pdf,https://ark.colorado.edu/ark:/47540/9c7k2f84109c,COU: 1705 | box 1 | item 3 | ID 314425,2025,application/pdf,https://www.iana.org/assignments/media-types/application/pdf,reformatted digital,"The organization that has made the Item available believes that the Item is in the Public Domain under the laws of the United States, but a determination was not made as to its copyright status under the copyright laws of other countries. The Item may not be in the Public Domain under the laws of other countries. Please refer to the organization that has made the Item available for more information.",http://rightsstatements.org/vocab/NoC-US/1.0/,6
Wheeler Survey Records,Topographical records: From Albuquerque to Anton Chico,Proper,Geographical surveys west of the 100th meridian,Variant,,,United States. Army. Corps of Engineers,sponsor,http://id.loc.gov/authorities/names/n79069640,Niblack,topographer,local,"Morrison, C. C. (Charles Clifford), 1848 or 1849-1894",field director,http://id.loc.gov/authorities/names/no2009081841,,,,Manuscript,http://id.loc.gov/vocabulary/resourceTypes/man,field notes,http://vocab.getty.edu/page/aat/300027201,topographic surveys,http://vocab.getty.edu/page/aat/300079719,1875-08-28/1875-10-25,English,http://id.loc.gov/vocabulary/iso639-2/eng,eng,1 volume (34 unnumbered pages),notebooks,http://vocab.getty.edu/page/aat/300264354,"A topographical field notebook recording measurements around Albuquerque, New Mexico to Anton Chico, New Mexico.",,Topographical surveying,http://id.worldcat.org/fast/1152671,Distances--Measurement,http://id.loc.gov/authorities/subjects/sh85038512,,,"Wheeler, George M. (George Montague), 1842-1905",http://id.loc.gov/authorities/names/n82159058,"Albuquerque (Bernalillo, New Mexico, United States, North America) (inhabited place)",http://vocab.getty.edu/page/tgn/7013267,"Anton Chico (Guadalupe, New Mexico, United States, North America) (inhabited place)",http://vocab.getty.edu/page/tgn/2066674,,,,,narv_wheelerSurveyRecords_bookNo206_item15.pdf,https://ark.colorado.edu/ark:/47540/1h1m8045t436,COU: 1705 | box 1 | item 15 | ID 314437,2025,application/pdf,https://www.iana.org/assignments/media-types/application/pdf,reformatted digital,"The organization that has made the Item available believes that the Item is in the Public Domain under the laws of the United States, but a determination was not made as to its copyright status under the copyright laws of other countries. The Item may not be in the Public Domain under the laws of other countries. Please refer to the organization that has made the Item available for more information.",http://rightsstatements.org/vocab/NoC-US/1.0/,7
Wheeler Survey Records,Triangulation: Topographical records from Gray's Peak to Simpson's Pyramid,Proper,Geographical surveys west of the 100th meridian,Variant,,,United States. Army. Corps of Engineers,sponsor,http://id.loc.gov/authorities/names/n79069640,"Nell, Louis",topographer,http://id.loc.gov/authorities/names/n50028440,,,,,,,Manuscript,http://id.loc.gov/vocabulary/resourceTypes/man,field notes,http://vocab.getty.edu/page/aat/300027201,topographic surveys,http://vocab.getty.edu/page/aat/300079719,1874-07-17/1874-10-01,English,http://id.loc.gov/vocabulary/iso639-2/eng,eng,"1 volume (various pagings) (43 pages, 4 unnumbered pages)",notebooks,http://vocab.getty.edu/page/aat/300264354,"A field notebook recording triangulation of specific ""objects"" between Gray's Peak and Simpson's Peak. The objects typically represent mountain peaks and base camps, such as Pikes Peak and Holy Cross.",Double pages on ruled ledger paper with pre-printed column headings.,Topographical surveying,http://id.worldcat.org/fast/1152671,Distances--Measurement,http://id.loc.gov/authorities/subjects/sh85038512,,,"Wheeler, George M. (George Montague), 1842-1905",http://id.loc.gov/authorities/names/n82159058,"Grays Peak (Colorado, United States, North America) (peak)",http://vocab.getty.edu/page/tgn/2362273,"[(Simpsons Rest (Las Animas, Colorado, United States, North America) (peak)]",http://vocab.getty.edu/page/tgn/2665113,,,,,narv_wheelerSurveyRecords_bookNo21_item4.pdf,https://ark.colorado.edu/ark:/47540/351c1d59x6hw,COU: 1705 | box 1 | item 4 | ID 314426,2025,application/pdf,https://www.iana.org/assignments/media-types/application/pdf,reformatted digital,"The organization that has made the Item available believes that the Item is in the Public Domain under the laws of the United States, but a determination was not made as to its copyright status under the copyright laws of other countries. The Item may not be in the Public Domain under the laws of other countries. Please refer to the organization that has made the Item available for more information.",http://rightsstatements.org/vocab/NoC-US/1.0/,8
Wheeler Survey Records,"Computations of latitudes and departures of topographical meanders: Explorations and surveys of Fort Lyon, Colorado",Proper,Geographical surveys west of the 100th meridian,Variant,,,United States. Army. Corps of Engineers,sponsor,http://id.loc.gov/authorities/names/n79069640,"Maxson, Frank O.",topographer,local,"Spiller, J. Calvert",topographer,local,"Morrison, C. C. (Charles Clifford), 1848 or 1849-1894",field director,http://id.loc.gov/authorities/names/no2009081841,Manuscript,http://id.loc.gov/vocabulary/resourceTypes/man,field notes,http://vocab.getty.edu/page/aat/300027201,topographic surveys,http://vocab.getty.edu/page/aat/300079719,1876-08-30/1876-12-14,English,http://id.loc.gov/vocabulary/iso639-2/eng,eng,1 volume (95 pages),notebooks,http://vocab.getty.edu/page/aat/300264354,"A topographical field notebook recording odometer readings around Fort Lyon, Colorado.",Double pages on ruled ledger paper with pre-printed column headings.,Topographical surveying,http://id.worldcat.org/fast/1152671,Distances--Measurement,http://id.loc.gov/authorities/subjects/sh85038512,,,"Wheeler, George M. (George Montague), 1842-1905",http://id.loc.gov/authorities/names/n82159058,"Fort Lyon (Bent, Colorado, United States, North America) (inhabited place)",http://vocab.getty.edu/page/tgn/2335379,,,,,,,narv_wheelerSurveyRecords_bookNo268_item16.pdf,https://ark.colorado.edu/ark:/47540/3b019r0357bs,COU: 1705 | box 1 | item 16 | ID 314438,2025,application/pdf,https://www.iana.org/assignments/media-types/application/pdf,reformatted digital,"The organization that has made the Item available believes that the Item is in the Public Domain under the laws of the United States, but a determination was not made as to its copyright status under the copyright laws of other countries. The Item may not be in the Public Domain under the laws of other countries. Please refer to the organization that has made the Item available for more information.",http://rightsstatements.org/vocab/NoC-US/1.0/,9
Wheeler Survey Records,"Triangulation: Topographical records around Pueblo, Colorado",Proper,Geographical surveys west of the 100th meridian,Variant,,,United States. Army. Corps of Engineers,sponsor,http://id.loc.gov/authorities/names/n79069640,"Maxson, Frank O.",topographer,local,,,,,,,Manuscript,http://id.loc.gov/vocabulary/resourceTypes/man,field notes,http://vocab.getty.edu/page/aat/300027201,topographic surveys,http://vocab.getty.edu/page/aat/300079719,1875-06-10/1875-07-26,English,http://id.loc.gov/vocabulary/iso639-2/eng,eng,1 volume (102 pages),notebooks,http://vocab.getty.edu/page/aat/300264354,"A field notebook recording triangulation of specific ""objects"" around Pueblo, Colorado. The objects typically represent mountain peaks, such as Pikes Peak and Fishers Peak.",Double pages on ruled ledger paper with pre-printed column headings.,Topographical surveying,http://id.worldcat.org/fast/1152671,Distances--Measurement,http://id.loc.gov/authorities/subjects/sh85038512,,,"Wheeler, George M. (George Montague), 1842-1905",http://id.loc.gov/authorities/names/n82159058,"Pueblo (Pueblo, Colorado, United States, North America) (inhabited place)",http://vocab.getty.edu/page/tgn/7014300,"Pikes Peak (El Paso, Colorado, United States, North America) (peak)",http://vocab.getty.edu/page/tgn/1107469,"Fishers Peak (Las Animas, Colorado, United States, North America) (peak)",http://vocab.getty.edu/page/tgn/1107250,,,narv_wheelerSurveyRecords_bookNo31_item5.pdf,https://ark.colorado.edu/ark:/47540/dj878q49w0jk,COU: 1705 | box 1 | item 5 | ID 314427,2025,application/pdf,https://www.iana.org/assignments/media-types/application/pdf,reformatted digital,"The organization that has made the Item available believes that the Item is in the Public Domain under the laws of the United States, but a determination was not made as to its copyright status under the copyright laws of other countries. The Item may not be in the Public Domain under the laws of other countries. Please refer to the organization that has made the Item available for more information.",http://rightsstatements.org/vocab/NoC-US/1.0/,10
Wheeler Survey Records,"Computations of latitudes and departures of topographical meanders: Explorations and surveys of Fort Lyon, Colorado to Craig, New Mexico",Proper,Geographical surveys west of the 100th meridian,Variant,,,United States. Army. Corps of Engineers,sponsor,http://id.loc.gov/authorities/names/n79069640,"Maxson, Frank O.",topographer,local,"Morrison, C. C. (Charles Clifford), 1848 or 1849-1894",field director,http://id.loc.gov/authorities/names/no2009081841,,,,Manuscript,http://id.loc.gov/vocabulary/resourceTypes/man,field notes,http://vocab.getty.edu/page/aat/300027201,topographic surveys,http://vocab.getty.edu/page/aat/300079719,1877-05-25/1877-10-14,English,http://id.loc.gov/vocabulary/iso639-2/eng,eng,"1 volume (various pagings) (107 pages, 5 variously numbered pages)",notebooks,http://vocab.getty.edu/page/aat/300264354,"A topographical field notebook recording distance measurements between Fort Lyon, Colorado to Craig, New Mexico.",Double pages on ruled ledger paper with pre-printed column headings.,Topographical surveying,http://id.worldcat.org/fast/1152671,Distances--Measurement,http://id.loc.gov/authorities/subjects/sh85038512,,,"Wheeler, George M. (George Montague), 1842-1905",http://id.loc.gov/authorities/names/n82159058,"Fort Lyon (Bent, Colorado, United States, North America) (inhabited place)",http://vocab.getty.edu/page/tgn/2335379,"Craig (Socorro, New Mexico, United States, North America) (deserted settlement)",http://vocab.getty.edu/page/tgn/2264735,,,,,narv_wheelerSurveyRecords_bookNo312_item23.pdf,https://ark.colorado.edu/ark:/47540/b05j3h04z3wt,COU: 1705 | box 1 | item 23 | ID 314445,2025,application/pdf,https://www.iana.org/assignments/media-types/application/pdf,reformatted digital,"The organization that has made the Item available believes that the Item is in the Public Domain under the laws of the United States, but a determination was not made as to its copyright status under the copyright laws of other countries. The Item may not be in the Public Domain under the laws of other countries. Please refer to the organization that has made the Item available for more information.",http://rightsstatements.org/vocab/NoC-US/1.0/,11
Wheeler Survey Records,Computations of latitudes and departures of topographical meanders: Explorations and surveys of Fort Craig to Fort Union,Proper,Geographical surveys west of the 100th meridian,Variant,,,United States. Army. Corps of Engineers,sponsor,http://id.loc.gov/authorities/names/n79069640,"Maxson, Frank O.",topographer,local,"Morrison, C. C. (Charles Clifford), 1848 or 1849-1894",field director,http://id.loc.gov/authorities/names/no2009081841,,,,Manuscript,http://id.loc.gov/vocabulary/resourceTypes/man,field notes,http://vocab.getty.edu/page/aat/300027201,topographic surveys,http://vocab.getty.edu/page/aat/300079719,1877-10-18/1877-12-03,English,http://id.loc.gov/vocabulary/iso639-2/eng,eng,"1 volume (various pagings) (7 pages, 3 variously numbered pages)",notebooks,http://vocab.getty.edu/page/aat/300264354,A topographical field notebook recording distance measurements between Fort Craig in New Mexico to Fort Union in New Mexico.,Double pages on ruled ledger paper with pre-printed column headings.,Topographical surveying,http://id.worldcat.org/fast/1152671,Distances--Measurement,http://id.loc.gov/authorities/subjects/sh85038512,,,"Wheeler, George M. (George Montague), 1842-1905",http://id.loc.gov/authorities/names/n82159058,"Craig (Socorro, New Mexico, United States, North America) (deserted settlement)",http://vocab.getty.edu/page/tgn/2264735,"Fort Union (Mora, New Mexico, United States, North America) (deserted settlement)",http://vocab.getty.edu/page/tgn/1102095,,,,,narv_wheelerSurveyRecords_bookNo313_item18.pdf,https://ark.colorado.edu/ark:/47540/ph4h7155d6fx,COU: 1705 | box 1 | item 18 | ID 314440,2025,application/pdf,https://www.iana.org/assignments/media-types/application/pdf,reformatted digital,"The organization that has made the Item available believes that the Item is in the Public Domain under the laws of the United States, but a determination was not made as to its copyright status under the copyright laws of other countries. The Item may not be in the Public Domain under the laws of other countries. Please refer to the organization that has made the Item available for more information.",http://rightsstatements.org/vocab/NoC-US/1.0/,12
Wheeler Survey Records,Triangulation: Explorations and surveys of Fest's Ferry to Fort Selden,Proper,Geographical surveys west of the 100th meridian,Variant,,,United States. Army. Corps of Engineers,sponsor,http://id.loc.gov/authorities/names/n79069640,"Nell, Louis",topographer,http://id.loc.gov/authorities/names/n50028440,"Birnie, R., Jr.",field director,local,,,,Manuscript,http://id.loc.gov/vocabulary/resourceTypes/man,field notes,http://vocab.getty.edu/page/aat/300027201,topographic surveys,http://vocab.getty.edu/page/aat/300079719,1878-09-08/1878-10-03,English,http://id.loc.gov/vocabulary/iso639-2/eng,eng,1 volume (45 pages),notebooks,http://vocab.getty.edu/page/aat/300264354,"A field notebook recording triangulation of specific ""objects"" from ""Fest's Ferry"" to Fort Selden in New Mexico. The objects typically represent mountain peaks and various base camp locations.",Double pages on ruled ledger paper with pre-printed column headings.,Topographical surveying,http://id.worldcat.org/fast/1152671,Distances--Measurement,http://id.loc.gov/authorities/subjects/sh85038512,Triangulation,http://id.loc.gov/authorities/subjects/sh85137410,"Wheeler, George M. (George Montague), 1842-1905",http://id.loc.gov/authorities/names/n82159058,"Fort Selden (Dona Ana, New Mexico, United States, North America) (inhabited place)",http://vocab.getty.edu/page/tgn/2335532,,,,,,,narv_wheelerSurveyRecords_bookNo367_item22.pdf,https://ark.colorado.edu/ark:/47540/qb0x0420b31s,COU: 1705 | box 1 | item 22 | ID 314444,2025,application/pdf,https://www.iana.org/assignments/media-types/application/pdf,reformatted digital,"The organization that has made the Item available believes that the Item is in the Public Domain under the laws of the United States, but a determination was not made as to its copyright status under the copyright laws of other countries. The Item may not be in the Public Domain under the laws of other countries. Please refer to the organization that has made the Item available for more information.",http://rightsstatements.org/vocab/NoC-US/1.0/,13
Wheeler Survey Records,Triangulation: Copy of topographic stations in Colorado,Proper,Geographical surveys west of the 100th meridian,Variant,,,United States. Army. Corps of Engineers,sponsor,http://id.loc.gov/authorities/names/n79069640,"Nell, Louis",topographer,http://id.loc.gov/authorities/names/n50028440,,,,,,,Manuscript,http://id.loc.gov/vocabulary/resourceTypes/man,field notes,http://vocab.getty.edu/page/aat/300027201,topographic surveys,http://vocab.getty.edu/page/aat/300079719,1876,English,http://id.loc.gov/vocabulary/iso639-2/eng,eng,"1 volume (various pagings) (74 pages, 3 variously numbered pages)",notebooks,http://vocab.getty.edu/page/aat/300264354,"Copy of a field notebook containing a list of topographic stations around Colorado. The book also records triangulation of specific ""objects"" in Colorado. The objects typically represent mountain peaks and various base camp locations.",Double pages on ruled ledger paper with pre-printed column headings.,Topographical surveying,http://id.worldcat.org/fast/1152671,Distances--Measurement,http://id.loc.gov/authorities/subjects/sh85038512,Triangulation,http://id.loc.gov/authorities/subjects/sh85137410,"Wheeler, George M. (George Montague), 1842-1905",http://id.loc.gov/authorities/names/n82159058,"Colorado (United States, North America) (state)",http://vocab.getty.edu/page/tgn/7007158,"Pueblo (Pueblo, Colorado, United States, North America) (inhabited place)",http://vocab.getty.edu/page/tgn/7014300,"Pikes Peak (El Paso, Colorado, United States, North America) (peak)",http://vocab.getty.edu/page/tgn/1107469,,,narv_wheelerSurveyRecords_bookNo41_item6.pdf,https://ark.colorado.edu/ark:/47540/106z0240w4hh,COU: 1705 | box 1 | item 6 | ID 314428,2025,application/pdf,https://www.iana.org/assignments/media-types/application/pdf,reformatted digital,"The organization that has made the Item available believes that the Item is in the Public Domain under the laws of the United States, but a determination was not made as to its copyright status under the copyright laws of other countries. The Item may not be in the Public Domain under the laws of other countries. Please refer to the organization that has made the Item available for more information.",http://rightsstatements.org/vocab/NoC-US/1.0/,14
Wheeler Survey Records,Triangulation: Topographical records at Fort Lyon,Proper,Geographical surveys west of the 100th meridian,Variant,,,United States. Army. Corps of Engineers,sponsor,http://id.loc.gov/authorities/names/n79069640,"Maxson, Frank O.",topographer,local,"Morrison, C. C. (Charles Clifford), 1848 or 1849-1894",field director,http://id.loc.gov/authorities/names/no2009081841,,,,Manuscript,http://id.loc.gov/vocabulary/resourceTypes/man,field notes,http://vocab.getty.edu/page/aat/300027201,topographic surveys,http://vocab.getty.edu/page/aat/300079719,1876-08-29/1876-12-14,English,http://id.loc.gov/vocabulary/iso639-2/eng,eng,"1 volume (various pagings) (91 pages, 1 variously numbered page)",notebooks,http://vocab.getty.edu/page/aat/300264354,"A field notebook recording triangulation of specific ""objects"" around Fort Lyon in Colorado. The objects typically represent mountain peaks and various base locations.",Double pages on ruled ledger paper with pre-printed column headings.,Topographical surveying,http://id.worldcat.org/fast/1152671,Distances--Measurement,http://id.loc.gov/authorities/subjects/sh85038512,Triangulation,http://id.loc.gov/authorities/subjects/sh85137410,"Wheeler, George M. (George Montague), 1842-1905",http://id.loc.gov/authorities/names/n82159058,"Fort Lyon (Bent, Colorado, United States, North America) (inhabited place)",http://vocab.getty.edu/page/tgn/2335379,,,,,,,narv_wheelerSurveyRecords_bookNo43_item7.pdf,https://ark.colorado.edu/ark:/47540/qm9f928477wg,COU: 1705 | box 1 | item 7 | ID 314429,2025,application/pdf,https://www.iana.org/assignments/media-types/application/pdf,reformatted digital,"The organization that has made the Item available believes that the Item is in the Public Domain under the laws of the United States, but a determination was not made as to its copyright status under the copyright laws of other countries. The Item may not be in the Public Domain under the laws of other countries. Please refer to the organization that has made the Item available for more information.",http://rightsstatements.org/vocab/NoC-US/1.0/,15
Wheeler Survey Records,Triangulation: Topographical records from Como Range to Fairview Peak,Proper,Geographical surveys west of the 100th meridian,Variant,,,United States. Army. Corps of Engineers,sponsor,http://id.loc.gov/authorities/names/n79069640,"Spiller, J. Calvert",topographer,local,"Birnie, R., Jr.",field director,local,,,,Manuscript,http://id.loc.gov/vocabulary/resourceTypes/man,field notes,http://vocab.getty.edu/page/aat/300027201,topographic surveys,http://vocab.getty.edu/page/aat/300079719,1876-09-08/1876-09-24,English,http://id.loc.gov/vocabulary/iso639-2/eng,eng,1 volume (23 pages),notebooks,http://vocab.getty.edu/page/aat/300264354,"A field notebook recording triangulation of specific ""objects"" between Como Peak to Fairview Peak in Colorado. The objects typically represent mountain peaks and various base locations.",Double pages on ruled ledger paper with pre-printed column headings.,Topographical surveying,http://id.worldcat.org/fast/1152671,Distances--Measurement,http://id.loc.gov/authorities/subjects/sh85038512,Triangulation,http://id.loc.gov/authorities/subjects/sh85137410,"Wheeler, George M. (George Montague), 1842-1905",http://id.loc.gov/authorities/names/n82159058,"Fairview Peak (Gunnison, Colorado, United States, North America) (peak)",http://vocab.getty.edu/page/tgn/2321702,"Hope, Mount (Mineral, Colorado, United States, North America) (peak)",http://vocab.getty.edu/page/tgn/2398817,"[Como (Park, Colorado, United States, North America) (inhabited place)]",http://vocab.getty.edu/page/tgn/2015398,,,narv_wheelerSurveyRecords_bookNo44_item8.pdf,https://ark.colorado.edu/ark:/47540/nz5k059894vw,COU: 1705 | box 1 | item 8 | ID 314430,2025,application/pdf,https://www.iana.org/assignments/media-types/application/pdf,reformatted digital,"The organization that has made the Item available believes that the Item is in the Public Domain under the laws of the United States, but a determination was not made as to its copyright status under the copyright laws of other countries. The Item may not be in the Public Domain under the laws of other countries. Please refer to the organization that has made the Item available for more information.",http://rightsstatements.org/vocab/NoC-US/1.0/,16
Wheeler Survey Records,Triangulation records: Terrace-Lucin base,Proper,Geographical surveys west of the 100th meridian,Variant,,,United States. Army. Corps of Engineers,sponsor,http://id.loc.gov/authorities/names/n79069640,"Kintner, C. J.",topographer,local,,,,,,,Manuscript,http://id.loc.gov/vocabulary/resourceTypes/man,field notes,http://vocab.getty.edu/page/aat/300027201,topographic surveys,http://vocab.getty.edu/page/aat/300079719,1877-09-13/1877-10-23,English,http://id.loc.gov/vocabulary/iso639-2/eng,eng,1 volume (30 unnumbered pages),notebooks,http://vocab.getty.edu/page/aat/300264354,"A field notebook recording triangulation around the Terrace-Lucin base camp, as well as around Ogden Valley in Utah.",,Topographical surveying,http://id.worldcat.org/fast/1152671,Distances--Measurement,http://id.loc.gov/authorities/subjects/sh85038512,Triangulation,http://id.loc.gov/authorities/subjects/sh85137410,"Wheeler, George M. (George Montague), 1842-1905",http://id.loc.gov/authorities/names/n82159058,"Lucin (Weber, Utah, United States, North America) (inhabited place)",http://vocab.getty.edu/page/tgn/2475490,"Ogden Valley (Weber, Utah, United States, North America) (valley)",http://vocab.getty.edu/page/tgn/2555603,,,,,narv_wheelerSurveyRecords_bookNo52_item9.pdf,https://ark.colorado.edu/ark:/47540/693r6t19p47s,COU: 1705 | box 1 | item 9 | ID 314431,2025,application/pdf,https://www.iana.org/assignments/media-types/application/pdf,reformatted digital,"The organization that has made the Item available believes that the Item is in the Public Domain under the laws of the United States, but a determination was not made as to its copyright status under the copyright laws of other countries. The Item may not be in the Public Domain under the laws of other countries. Please refer to the organization that has made the Item available for more information.",http://rightsstatements.org/vocab/NoC-US/1.0/,17
Wheeler Survey Records,Topographical records: Ogden base,Proper,Geographical surveys west of the 100th meridian,Variant,,,United States. Army. Corps of Engineers,sponsor,http://id.loc.gov/authorities/names/n79069640,"Kintner, C. J.",topographer,local,"Kampf, F.",field director,http://id.loc.gov/authorities/names/n2005012207,,,,Manuscript,http://id.loc.gov/vocabulary/resourceTypes/man,field notes,http://vocab.getty.edu/page/aat/300027201,topographic surveys,http://vocab.getty.edu/page/aat/300079719,1877,English,http://id.loc.gov/vocabulary/iso639-2/eng,eng,1 volume (34 unnumbered pages),notebooks,http://vocab.getty.edu/page/aat/300264354,A field notebook recording topographical measurements around Ogden Valley in Utah.,,Topographical surveying,http://id.worldcat.org/fast/1152671,Distances--Measurement,http://id.loc.gov/authorities/subjects/sh85038512,,,"Wheeler, George M. (George Montague), 1842-1905",http://id.loc.gov/authorities/names/n82159058,"Ogden Valley (Weber, Utah, United States, North America) (valley)",http://vocab.getty.edu/page/tgn/2555603,,,,,,,narv_wheelerSurveyRecords_bookNo54_item10.pdf,https://ark.colorado.edu/ark:/47540/kc3j4z82q07w,COU: 1705 | box 1 | item 10 | ID 314432,2025,application/pdf,https://www.iana.org/assignments/media-types/application/pdf,reformatted digital,"The organization that has made the Item available believes that the Item is in the Public Domain under the laws of the United States, but a determination was not made as to its copyright status under the copyright laws of other countries. The Item may not be in the Public Domain under the laws of other countries. Please refer to the organization that has made the Item available for more information.",http://rightsstatements.org/vocab/NoC-US/1.0/,18
Wheeler Survey Records,Topographical records: Ogden base,Proper,Geographical surveys west of the 100th meridian,Variant,,,United States. Army. Corps of Engineers,sponsor,http://id.loc.gov/authorities/names/n79069640,"[Rock, Miles]",topographer,local,"Kampf, F.",field director,http://id.loc.gov/authorities/names/n2005012207,,,,Manuscript,http://id.loc.gov/vocabulary/resourceTypes/man,field notes,http://vocab.getty.edu/page/aat/300027201,topographic surveys,http://vocab.getty.edu/page/aat/300079719,1877,English,http://id.loc.gov/vocabulary/iso639-2/eng,eng,1 volume (63 unnumbered pages),notebooks,http://vocab.getty.edu/page/aat/300264354,A field notebook recording topographical measurements around the Ogden base camp in Utah.,,Topographical surveying,http://id.worldcat.org/fast/1152671,Distances--Measurement,http://id.loc.gov/authorities/subjects/sh85038512,,,"Wheeler, George M. (George Montague), 1842-1905",http://id.loc.gov/authorities/names/n82159058,"Ogden Valley (Weber, Utah, United States, North America) (valley)",http://vocab.getty.edu/page/tgn/2555603,,,,,,,narv_wheelerSurveyRecords_bookNo55_item11.pdf,https://ark.colorado.edu/ark:/47540/c61p1j38c18b,COU: 1705 | box 1 | item 11 | ID 314433,2025,application/pdf,https://www.iana.org/assignments/media-types/application/pdf,reformatted digital,"The organization that has made the Item available believes that the Item is in the Public Domain under the laws of the United States, but a determination was not made as to its copyright status under the copyright laws of other countries. The Item may not be in the Public Domain under the laws of other countries. Please refer to the organization that has made the Item available for more information.",http://rightsstatements.org/vocab/NoC-US/1.0/,19
Wheeler Survey Records,Levels and surveys around Salt Lake City and Beaver,Proper,Geographical surveys west of the 100th meridian,Variant,,,United States. Army. Corps of Engineers,sponsor,http://id.loc.gov/authorities/names/n79069640,"Thompson, G.",topographer,local,Crueger,topographer,local,,,,Manuscript,http://id.loc.gov/vocabulary/resourceTypes/man,field notes,http://vocab.getty.edu/page/aat/300027201,topographic surveys,http://vocab.getty.edu/page/aat/300079719,1872-07-17/1872-07-19,English,http://id.loc.gov/vocabulary/iso639-2/eng,eng,1 volume (24 unnumbered pages),notebooks,http://vocab.getty.edu/page/aat/300264354,"A field notebook recording level and survey measurements around Salt Lake City, Utah and Beaver, Utah.",Double pages on ruled ledger paper with pre-printed column headings.,Topographical surveying,http://id.worldcat.org/fast/1152671,Distances--Measurement,http://id.loc.gov/authorities/subjects/sh85038512,,,"Wheeler, George M. (George Montague), 1842-1905",http://id.loc.gov/authorities/names/n82159058,"Salt Lake City (Salt Lake City, Utah, United States, North America) (inhabited place)",http://vocab.getty.edu/page/tgn/7013960,"Beaver (Beaver, Utah, United States, North America) (inhabited place)",http://vocab.getty.edu/page/tgn/2108700,,,,,narv_wheelerSurveyRecords_bookNo59_item24.pdf,https://ark.colorado.edu/ark:/47540/4q7r1r5592n7,COU: 1705 | box 1 | item 24 | ID 314446,2025,application/pdf,https://www.iana.org/assignments/media-types/application/pdf,reformatted digital,"The organization that has made the Item available believes that the Item is in the Public Domain under the laws of the United States, but a determination was not made as to its copyright status under the copyright laws of other countries. The Item may not be in the Public Domain under the laws of other countries. Please refer to the organization that has made the Item available for more information.",http://rightsstatements.org/vocab/NoC-US/1.0/,20
Wheeler Survey Records,Triangulation: Topographical records in Colorado,Proper,Geographical surveys west of the 100th meridian,Variant,,,United States. Army. Corps of Engineers,sponsor,http://id.loc.gov/authorities/names/n79069640,"Nell, Louis",topographer,http://id.loc.gov/authorities/names/n50028440,"Bergland, E.",field director,local,,,,Manuscript,http://id.loc.gov/vocabulary/resourceTypes/man,field notes,http://vocab.getty.edu/page/aat/300027201,topographic surveys,http://vocab.getty.edu/page/aat/300079719,1877,English,http://id.loc.gov/vocabulary/iso639-2/eng,eng,1 volume (23 pages),notebooks,http://vocab.getty.edu/page/aat/300264354,"A field notebook recording triangulation of specific ""objects"" in Colorado. The objects typically represent mountain peaks and various base locations.",Double pages on ruled ledger paper with pre-printed column headings.,Topographical surveying,http://id.worldcat.org/fast/1152671,Distances--Measurement,http://id.loc.gov/authorities/subjects/sh85038512,Triangulation,http://id.loc.gov/authorities/subjects/sh85137410,"Wheeler, George M. (George Montague), 1842-1905",http://id.loc.gov/authorities/names/n82159058,"Colorado (United States, North America) (state)",http://vocab.getty.edu/page/tgn/7007158,,,,,,,narv_wheelerSurveyRecords_bookNo64_item12.pdf,https://ark.colorado.edu/ark:/47540/px1t1g28w46n,COU: 1705 | box 1 | item 12 | ID 314434,2025,application/pdf,https://www.iana.org/assignments/media-types/application/pdf,reformatted digital,"The organization that has made the Item available believes that the Item is in the Public Domain under the laws of the United States, but a determination was not made as to its copyright status under the copyright laws of other countries. The Item may not be in the Public Domain under the laws of other countries. Please refer to the organization that has made the Item available for more information.",http://rightsstatements.org/vocab/NoC-US/1.0/,21
Wheeler Survey Records,Copy of computations of latitudes and departures of topographical meanders: Topographical records in Colorado,Proper,Geographical surveys west of the 100th meridian,Variant,,,United States. Army. Corps of Engineers,sponsor,http://id.loc.gov/authorities/names/n79069640,"Nell, Louis",topographer,http://id.loc.gov/authorities/names/n50028440,"Bergland, E.",field director,local,,,,Manuscript,http://id.loc.gov/vocabulary/resourceTypes/man,field notes,http://vocab.getty.edu/page/aat/300027201,topographic surveys,http://vocab.getty.edu/page/aat/300079719,1877,English,http://id.loc.gov/vocabulary/iso639-2/eng,eng,1 volume (104 pages),notebooks,http://vocab.getty.edu/page/aat/300264354,A topographical field notebook recording distance measurements around Colorado.,Double pages on ruled ledger paper with pre-printed column headings.,Topographical surveying,http://id.worldcat.org/fast/1152671,Distances--Measurement,http://id.loc.gov/authorities/subjects/sh85038512,Triangulation,http://id.loc.gov/authorities/subjects/sh85137410,"Wheeler, George M. (George Montague), 1842-1905",http://id.loc.gov/authorities/names/n82159058,"Colorado (United States, North America) (state)",http://vocab.getty.edu/page/tgn/7007158,,,,,,,narv_wheelerSurveyRecords_bookNo66_item13.pdf,https://ark.colorado.edu/ark:/47540/pt464r88d57k,COU: 1705 | box 1 | item 13 | ID 314435,2025,application/pdf,https://www.iana.org/assignments/media-types/application/pdf,reformatted digital,"The organization that has made the Item available believes that the Item is in the Public Domain under the laws of the United States, but a determination was not made as to its copyright status under the copyright laws of other countries. The Item may not be in the Public Domain under the laws of other countries. Please refer to the organization that has made the Item available for more information.",http://rightsstatements.org/vocab/NoC-US/1.0/,22
Wheeler Survey Records,Odometer: Topographical records in Salt Lake City,Proper,Geographical surveys west of the 100th meridian,Variant,,,[United States. Army. Corps of Engineers],sponsor,http://id.loc.gov/authorities/names/n79069640,Cox,topographer,local,,,,,,,Manuscript,http://id.loc.gov/vocabulary/resourceTypes/man,field notes,http://vocab.getty.edu/page/aat/300027201,topographic surveys,http://vocab.getty.edu/page/aat/300079719,1872,English,http://id.loc.gov/vocabulary/iso639-2/eng,eng,"1 volume (various pagings) (89 pages, 9 variously numbered pages)",notebooks,http://vocab.getty.edu/page/aat/300264354,"A topographical field notebook recording odometer readings around Salt Lake City, Utah.",,Topographical surveying,http://id.worldcat.org/fast/1152671,Distances--Measurement,http://id.loc.gov/authorities/subjects/sh85038512,,,"Wheeler, George M. (George Montague), 1842-1905",http://id.loc.gov/authorities/names/n82159058,"Salt Lake City (Salt Lake City, Utah, United States, North America) (inhabited place)",http://vocab.getty.edu/page/tgn/7013960,,,,,,,narv_wheelerSurveyRecords_bookNo80_item41.pdf,https://ark.colorado.edu/ark:/47540/n8447q161413,COU: 1705 | box 1 | item 41 | ID 315182,2025,application/pdf,https://www.iana.org/assignments/media-types/application/pdf,reformatted digital,"The organization that has made the Item available believes that the Item is in the Public Domain under the laws of the United States, but a determination was not made as to its copyright status under the copyright laws of other countries. The Item may not be in the Public Domain under the laws of other countries. Please refer to the organization that has made the Item available for more information.",http://rightsstatements.org/vocab/NoC-US/1.0/,23
Wheeler Survey Records,Topographical computations in Colorado,Devised,Geographical surveys west of the 100th meridian,Variant,,,[United States. Army. Corps of Engineers],sponsor,http://id.loc.gov/authorities/names/n79069640,"Spiller, J. Calvert",topographer,local,,,,,,,Manuscript,http://id.loc.gov/vocabulary/resourceTypes/man,field notes,http://vocab.getty.edu/page/aat/300027201,topographic surveys,http://vocab.getty.edu/page/aat/300079719,1876,English,http://id.loc.gov/vocabulary/iso639-2/eng,eng,1 volume (39 unnumbered pages),notebooks,http://vocab.getty.edu/page/aat/300264354,"A field notebook recording triangulation of specific ""objects"" in Colorado. The objects typically represent mountain peaks and various base locations.",,Topographical surveying,http://id.worldcat.org/fast/1152671,Distances--Measurement,http://id.loc.gov/authorities/subjects/sh85038512,Triangulation,http://id.loc.gov/authorities/subjects/sh85137410,"Wheeler, George M. (George Montague), 1842-1905",http://id.loc.gov/authorities/names/n82159058,"Colorado (United States, North America) (state)",http://vocab.getty.edu/page/tgn/7007158,"Fairview Peak (Gunnison, Colorado, United States, North America) (peak)",http://vocab.getty.edu/page/tgn/2321702,"Basalt (Pitkin, Colorado, United States, North America) (inhabited place)",http://vocab.getty.edu/page/tgn/2015176,"Fort Lyon (Bent, Colorado, United States, North America) (inhabited place)",http://vocab.getty.edu/page/tgn/2335379,narv_wheelerSurveyRecords_compBookNo_item35.pdf,https://ark.colorado.edu/ark:/47540/cf0q9092p9n1,COU: 1705 | box 1 | item 35 | ID 314457,2025,application/pdf,https://www.iana.org/assignments/media-types/application/pdf,,"The organization that has made the Item available believes that the Item is in the Public Domain under the laws of the United States, but a determination was not made as to its copyright status under the copyright laws of other countries. The Item may not be in the Public Domain under the laws of other countries. Please refer to the organization that has made the Item available for more information.",http://rightsstatements.org/vocab/NoC-US/1.0/,24
Wheeler Survey Records,Distances: Computations of geodetic distances,Proper,Geographical surveys west of the 100th meridian,Variant,Book one,Variant,[United States. Army. Corps of Engineers],sponsor,http://id.loc.gov/authorities/names/n79069640,,,,,,,,,,Manuscript,http://id.loc.gov/vocabulary/resourceTypes/man,field notes,http://vocab.getty.edu/page/aat/300027201,topographic surveys,http://vocab.getty.edu/page/aat/300079719,1874,English,http://id.loc.gov/vocabulary/iso639-2/eng,eng,1 volume (47 pages),notebooks,http://vocab.getty.edu/page/aat/300264354,"A field notebook recording triangulation of specific ""objects"" in Colorado. The objects typically represent mountain peaks and various base locations including Cimarron base camp, Pueblo, and Santa Fe.",,Topographical surveying,http://id.worldcat.org/fast/1152671,Distances--Measurement,http://id.loc.gov/authorities/subjects/sh85038512,Triangulation,http://id.loc.gov/authorities/subjects/sh85137410,"Wheeler, George M. (George Montague), 1842-1905",http://id.loc.gov/authorities/names/n82159058,"Cimarron (Montrose, Colorado, United States, North America) (inhabited place)",http://vocab.getty.edu/page/tgn/2015332,"Pueblo (Pueblo, Colorado, United States, North America) (inhabited place)",http://vocab.getty.edu/page/tgn/7014300,"Santa Fe (Santa Fe, New Mexico, United States, North America) (inhabited place)",http://vocab.getty.edu/page/tgn/7013950,,,narv_wheelerSurveyRecords_compBookNo1_item25.pdf,https://ark.colorado.edu/ark:/47540/5g732537119v,COU: 1705 | box 1 | item 25 | ID 314447,2025,application/pdf,https://www.iana.org/assignments/media-types/application/pdf,reformatted digital,"The organization that has made the Item available believes that the Item is in the Public Domain under the laws of the United States, but a determination was not made as to its copyright status under the copyright laws of other countries. The Item may not be in the Public Domain under the laws of other countries. Please refer to the organization that has made the Item available for more information.",http://rightsstatements.org/vocab/NoC-US/1.0/,25
Wheeler Survey Records,Computations: Colorado triangulation,Proper,Geographical surveys west of the 100th meridian,Variant,,,[United States. Army. Corps of Engineers],sponsor,http://id.loc.gov/authorities/names/n79069640,"Nell, Louis",topographer,http://id.loc.gov/authorities/names/n50028440,,,,,,,Manuscript,http://id.loc.gov/vocabulary/resourceTypes/man,field notes,http://vocab.getty.edu/page/aat/300027201,topographic surveys,http://vocab.getty.edu/page/aat/300079719,1876,English,http://id.loc.gov/vocabulary/iso639-2/eng,eng,1 volume (61 pages),notebooks,http://vocab.getty.edu/page/aat/300264354,A field notebook recording triangulation measurements of landmarks in Colorado.,,Topographical surveying,http://id.worldcat.org/fast/1152671,Distances--Measurement,http://id.loc.gov/authorities/subjects/sh85038512,Triangulation,http://id.loc.gov/authorities/subjects/sh85137410,"Wheeler, George M. (George Montague), 1842-1905",http://id.loc.gov/authorities/names/n82159058,"Colorado (United States, North America) (state)",http://vocab.getty.edu/page/tgn/7007158,,,,,,,narv_wheelerSurveyRecords_compBookNo1_item31.pdf,https://ark.colorado.edu/ark:/47540/zz1r0k24h6g6,COU: 1705 | box 1 | item 31 | ID 314453,2025,application/pdf,https://www.iana.org/assignments/media-types/application/pdf,reformatted digital,"The organization that has made the Item available believes that the Item is in the Public Domain under the laws of the United States, but a determination was not made as to its copyright status under the copyright laws of other countries. The Item may not be in the Public Domain under the laws of other countries. Please refer to the organization that has made the Item available for more information.",http://rightsstatements.org/vocab/NoC-US/1.0/,26
Wheeler Survey Records,Computations: Colorado triangulation,Proper,Geographical surveys west of the 100th meridian,Variant,Book two,Variant,[United States. Army. Corps of Engineers],sponsor,http://id.loc.gov/authorities/names/n79069640,"Nell, Louis",topographer,http://id.loc.gov/authorities/names/n50028440,,,,,,,Manuscript,http://id.loc.gov/vocabulary/resourceTypes/man,field notes,http://vocab.getty.edu/page/aat/300027201,topographic surveys,http://vocab.getty.edu/page/aat/300079719,1876/1877,English,http://id.loc.gov/vocabulary/iso639-2/eng,eng,1 volume (60 pages),notebooks,http://vocab.getty.edu/page/aat/300264354,A field notebook recording triangulation measurements of landmarks in Colorado.,,Topographical surveying,http://id.worldcat.org/fast/1152671,Distances--Measurement,http://id.loc.gov/authorities/subjects/sh85038512,Triangulation,http://id.loc.gov/authorities/subjects/sh85137410,"Wheeler, George M. (George Montague), 1842-1905",http://id.loc.gov/authorities/names/n82159058,"Colorado (United States, North America) (state)",http://vocab.getty.edu/page/tgn/7007158,,,,,,,narv_wheelerSurveyRecords_compBookNo2_item32.pdf,https://ark.colorado.edu/ark:/47540/bb4n3b5481q3,COU: 1705 | box 1 | item 32 | ID 314454,2025,application/pdf,https://www.iana.org/assignments/media-types/application/pdf,,"The organization that has made the Item available believes that the Item is in the Public Domain under the laws of the United States, but a determination was not made as to its copyright status under the copyright laws of other countries. The Item may not be in the Public Domain under the laws of other countries. Please refer to the organization that has made the Item available for more information.",http://rightsstatements.org/vocab/NoC-US/1.0/,27
Wheeler Survey Records,Computations of distances: Rock 1,Proper,Geographical surveys west of the 100th meridian,Variant,,,[United States. Army. Corps of Engineers],sponsor,http://id.loc.gov/authorities/names/n79069640,,,,,,,,,,Manuscript,http://id.loc.gov/vocabulary/resourceTypes/man,field notes,http://vocab.getty.edu/page/aat/300027201,topographic surveys,http://vocab.getty.edu/page/aat/300079719,1877/1878,English,http://id.loc.gov/vocabulary/iso639-2/eng,eng,1 volume (52 pages),notebooks,http://vocab.getty.edu/page/aat/300264354,A field notebook recording distance measurements around Utah.,,Topographical surveying,http://id.worldcat.org/fast/1152671,Distances--Measurement,http://id.loc.gov/authorities/subjects/sh85038512,Triangulation,http://id.loc.gov/authorities/subjects/sh85137410,"Wheeler, George M. (George Montague), 1842-1905",http://id.loc.gov/authorities/names/n82159058,"Utah (United States, North America) (state)",http://vocab.getty.edu/page/tgn/7007827,"Ogden Valley (Weber, Utah, United States, North America) (valley)",http://vocab.getty.edu/page/tgn/2555603,"Promontory (Box Elder, Utah, United States, North America) (inhabited place)",http://vocab.getty.edu/page/tgn/2109188,,,narv_wheelerSurveyRecords_compBookNo23-11_item28.pdf,https://ark.colorado.edu/ark:/47540/v44w8g67t373,COU: 1705 | box 1 | item 28 | ID 314450,2025,application/pdf,https://www.iana.org/assignments/media-types/application/pdf,,"The organization that has made the Item available believes that the Item is in the Public Domain under the laws of the United States, but a determination was not made as to its copyright status under the copyright laws of other countries. The Item may not be in the Public Domain under the laws of other countries. Please refer to the organization that has made the Item available for more information.",http://rightsstatements.org/vocab/NoC-US/1.0/,28
Wheeler Survey Records,Computations of distances: Rock 2,Proper,Geographical surveys west of the 100th meridian,Variant,,,[United States. Army. Corps of Engineers],sponsor,http://id.loc.gov/authorities/names/n79069640,,,,,,,,,,Manuscript,http://id.loc.gov/vocabulary/resourceTypes/man,field notes,http://vocab.getty.edu/page/aat/300027201,topographic surveys,http://vocab.getty.edu/page/aat/300079719,1878,English,http://id.loc.gov/vocabulary/iso639-2/eng,eng,1 volume (34 pages),notebooks,http://vocab.getty.edu/page/aat/300264354,"A field notebook recording distance measurements between various mountain peaks, potentially in Montana.",,Topographical surveying,http://id.worldcat.org/fast/1152671,Distances--Measurement,http://id.loc.gov/authorities/subjects/sh85038512,Triangulation,http://id.loc.gov/authorities/subjects/sh85137410,"Wheeler, George M. (George Montague), 1842-1905",http://id.loc.gov/authorities/names/n82159058,"[Elephant Peak (Montana, United States, North America) (peak)]",http://vocab.getty.edu/page/tgn/2313689,"[Stevens Peak (Sanders, Montana, United States, North America) (peak)]",http://vocab.getty.edu/page/tgn/2694226,"[Pyramid Peak (Glacier, Montana, United States, North America) (peak)",http://vocab.getty.edu/page/tgn/2602438,,,narv_wheelerSurveyRecords_compBookNo23-12_item29.pdf,https://ark.colorado.edu/ark:/47540/sq2d0p73h9v1,COU: 1705 | box 1 | item 29 | ID 314451,2025,application/pdf,https://www.iana.org/assignments/media-types/application/pdf,,"The organization that has made the Item available believes that the Item is in the Public Domain under the laws of the United States, but a determination was not made as to its copyright status under the copyright laws of other countries. The Item may not be in the Public Domain under the laws of other countries. Please refer to the organization that has made the Item available for more information.",http://rightsstatements.org/vocab/NoC-US/1.0/,29
Wheeler Survey Records,Computations of distances: Great Salt Lake survey,Proper,Geographical surveys west of the 100th meridian,Variant,,,[United States. Army. Corps of Engineers],sponsor,http://id.loc.gov/authorities/names/n79069640,"Young, W.",topographer,local,"Klett, F.",topographer,local,,,,Manuscript,http://id.loc.gov/vocabulary/resourceTypes/man,field notes,http://vocab.getty.edu/page/aat/300027201,topographic surveys,http://vocab.getty.edu/page/aat/300079719,1877/1878,English,http://id.loc.gov/vocabulary/iso639-2/eng,eng,1 volume (43 pages),notebooks,http://vocab.getty.edu/page/aat/300264354,"A field notebook recording distance measurements around Salt Lake City, Utah.",,Topographical surveying,http://id.worldcat.org/fast/1152671,Distances--Measurement,http://id.loc.gov/authorities/subjects/sh85038512,Triangulation,http://id.loc.gov/authorities/subjects/sh85137410,"Wheeler, George M. (George Montague), 1842-1905",http://id.loc.gov/authorities/names/n82159058,"Utah (United States, North America) (state)",http://vocab.getty.edu/page/tgn/7007827,"Salt Lake City (Salt Lake City, Utah, United States, North America) (inhabited place)",http://vocab.getty.edu/page/tgn/7013960,"Ogden Valley (Weber, Utah, United States, North America) (valley)",http://vocab.getty.edu/page/tgn/2555603,"Promontory (Box Elder, Utah, United States, North America) (inhabited place)",http://vocab.getty.edu/page/tgn/2109188,narv_wheelerSurveyRecords_compBookNo23-13_item30.pdf,https://ark.colorado.edu/ark:/47540/3k6d2m35570h,COU: 1705 | box 1 | item 30 | ID 314452,2025,application/pdf,https://www.iana.org/assignments/media-types/application/pdf,,"The organization that has made the Item available believes that the Item is in the Public Domain under the laws of the United States, but a determination was not made as to its copyright status under the copyright laws of other countries. The Item may not be in the Public Domain under the laws of other countries. Please refer to the organization that has made the Item available for more information.",http://rightsstatements.org/vocab/NoC-US/1.0/,30
Wheeler Survey Records,Computations of distances: Tillman's-Thompson's triangles,Proper,Geographical surveys west of the 100th meridian,Variant,,,United States. Army. Corps of Engineers,sponsor,http://id.loc.gov/authorities/names/n79069640,"Kampf, F.",topographer,http://id.loc.gov/authorities/names/n2005012207,,,,,,,Manuscript,http://id.loc.gov/vocabulary/resourceTypes/man,field notes,http://vocab.getty.edu/page/aat/300027201,topographic surveys,http://vocab.getty.edu/page/aat/300079719,1877/1878,English,http://id.loc.gov/vocabulary/iso639-2/eng,eng,1 volume (31 pages),notebooks,http://vocab.getty.edu/page/aat/300264354,A field notebook recording distance measurements around Tillman's and Thompson's triangles near the Ogden base camp in Utah.,,Topographical surveying,http://id.worldcat.org/fast/1152671,Distances--Measurement,http://id.loc.gov/authorities/subjects/sh85038512,Triangulation,http://id.loc.gov/authorities/subjects/sh85137410,"Wheeler, George M. (George Montague), 1842-1905",http://id.loc.gov/authorities/names/n82159058,"Utah (United States, North America) (state)",http://vocab.getty.edu/page/tgn/7007827,"Ogden Valley (Weber, Utah, United States, North America) (valley)",http://vocab.getty.edu/page/tgn/2555603,,,,,narv_wheelerSurveyRecords_compBookNo23-9_item27.pdf,https://ark.colorado.edu/ark:/47540/kb4m5q68x3vd,COU: 1705 | box 1 | item 27 | ID 314449,2025,application/pdf,https://www.iana.org/assignments/media-types/application/pdf,,"The organization that has made the Item available believes that the Item is in the Public Domain under the laws of the United States, but a determination was not made as to its copyright status under the copyright laws of other countries. The Item may not be in the Public Domain under the laws of other countries. Please refer to the organization that has made the Item available for more information.",http://rightsstatements.org/vocab/NoC-US/1.0/,31
Wheeler Survey Records,Computations of geodetic coordinates in Utah,Devised,Geographical surveys west of the 100th meridian,Variant,,,[United States. Army. Corps of Engineers],sponsor,http://id.loc.gov/authorities/names/n79069640,,,,,,,,,,Manuscript,http://id.loc.gov/vocabulary/resourceTypes/man,field notes,http://vocab.getty.edu/page/aat/300027201,topographic surveys,http://vocab.getty.edu/page/aat/300079719,1877,English,http://id.loc.gov/vocabulary/iso639-2/eng,eng,1 volume (55 pages),notebooks,http://vocab.getty.edu/page/aat/300264354,A field notebook recording distance measurements around Great Salt Lake in Utah.,,Topographical surveying,http://id.worldcat.org/fast/1152671,Distances--Measurement,http://id.loc.gov/authorities/subjects/sh85038512,Triangulation,http://id.loc.gov/authorities/subjects/sh85137410,"Wheeler, George M. (George Montague), 1842-1905",http://id.loc.gov/authorities/names/n82159058,"Utah (United States, North America) (state)",http://vocab.getty.edu/page/tgn/7007827,"Ogden Valley (Weber, Utah, United States, North America) (valley)",http://vocab.getty.edu/page/tgn/2555603,"Great Salt Lake (Utah, United States, North America) (salt lake)",http://vocab.getty.edu/page/tgn/7021126,,,narv_wheelerSurveyRecords_compBookNo24-24_item41.pdf,https://ark.colorado.edu/ark:/47540/tn542f80d2wx,COU: 1705 | box 1 | item 41 | ID N/A,2025,application/pdf,https://www.iana.org/assignments/media-types/application/pdf,,"The organization that has made the Item available believes that the Item is in the Public Domain under the laws of the United States, but a determination was not made as to its copyright status under the copyright laws of other countries. The Item may not be in the Public Domain under the laws of other countries. Please refer to the organization that has made the Item available for more information.",http://rightsstatements.org/vocab/NoC-US/1.0/,35
Wheeler Survey Records,Triangulation computations: Colorado,Proper,Geographical surveys west of the 100th meridian,Variant,Book three,Variant,[United States. Army. Corps of Engineers],sponsor,http://id.loc.gov/authorities/names/n79069640,"Kintner, C. J.",topographer,local,,,,,,,Manuscript,http://id.loc.gov/vocabulary/resourceTypes/man,field notes,http://vocab.getty.edu/page/aat/300027201,topographic surveys,http://vocab.getty.edu/page/aat/300079719,1878,English,http://id.loc.gov/vocabulary/iso639-2/eng,eng,1 volume (20 pages),notebooks,http://vocab.getty.edu/page/aat/300264354,A field notebook recording triangulation measurements of various landmarks in Colorado.,,Topographical surveying,http://id.worldcat.org/fast/1152671,Distances--Measurement,http://id.loc.gov/authorities/subjects/sh85038512,Triangulation,http://id.loc.gov/authorities/subjects/sh85137410,"Wheeler, George M. (George Montague), 1842-1905",http://id.loc.gov/authorities/names/n82159058,"Colorado (United States, North America) (state)",http://vocab.getty.edu/page/tgn/7007158,,,,,,,narv_wheelerSurveyRecords_compBookNo3_item34.pdf,https://ark.colorado.edu/ark:/47540/hh0r6815x328,COU: 1705 | box 1 | item 34 | ID 314456,2025,application/pdf,https://www.iana.org/assignments/media-types/application/pdf,,"The organization that has made the Item available believes that the Item is in the Public Domain under the laws of the United States, but a determination was not made as to its copyright status under the copyright laws of other countries. The Item may not be in the Public Domain under the laws of other countries. Please refer to the organization that has made the Item available for more information.",http://rightsstatements.org/vocab/NoC-US/1.0/,32
Wheeler Survey Records,Adjustments and distances: New Mexico and Colorado,Proper,Geographical surveys west of the 100th meridian,Variant,Book four,Variant,[United States. Army. Corps of Engineers],sponsor,http://id.loc.gov/authorities/names/n79069640,,,,,,,,,,Manuscript,http://id.loc.gov/vocabulary/resourceTypes/man,field notes,http://vocab.getty.edu/page/aat/300027201,topographic surveys,http://vocab.getty.edu/page/aat/300079719,1875,English,http://id.loc.gov/vocabulary/iso639-2/eng,eng,1 volume (60 pages),notebooks,http://vocab.getty.edu/page/aat/300264354,A field notebook recording triangulation measurements of landmarks in Colorado and New Mexico.,,Topographical surveying,http://id.worldcat.org/fast/1152671,Distances--Measurement,http://id.loc.gov/authorities/subjects/sh85038512,Triangulation,http://id.loc.gov/authorities/subjects/sh85137410,"Wheeler, George M. (George Montague), 1842-1905",http://id.loc.gov/authorities/names/n82159058,"Colorado (United States, North America) (state)",http://vocab.getty.edu/page/tgn/7007158,"New Mexico (United States, North America) (state)",http://vocab.getty.edu/page/tgn/7007566,,,,,narv_wheelerSurveyRecords_compBookNo4_item26.pdf,https://ark.colorado.edu/ark:/47540/1p9g9m69w8w2,COU: 1705 | box 1 | item 26 | ID 314448,2025,application/pdf,https://www.iana.org/assignments/media-types/application/pdf,,"The organization that has made the Item available believes that the Item is in the Public Domain under the laws of the United States, but a determination was not made as to its copyright status under the copyright laws of other countries. The Item may not be in the Public Domain under the laws of other countries. Please refer to the organization that has made the Item available for more information.",http://rightsstatements.org/vocab/NoC-US/1.0/,33
Wheeler Survey Records,Adjustments of angles: Triangulations in Colorado,Proper,Geographical surveys west of the 100th meridian,Variant,,,[United States. Army. Corps of Engineers],sponsor,http://id.loc.gov/authorities/names/n79069640,"Nell, Louis",topographer,http://id.loc.gov/authorities/names/n50028440,,,,,,,Manuscript,http://id.loc.gov/vocabulary/resourceTypes/man,field notes,http://vocab.getty.edu/page/aat/300027201,topographic surveys,http://vocab.getty.edu/page/aat/300079719,1877,English,http://id.loc.gov/vocabulary/iso639-2/eng,eng,1 volume (45 pages),notebooks,http://vocab.getty.edu/page/aat/300264354,A field notebook recording triangulation measurements of landmarks in Colorado.,,Topographical surveying,http://id.worldcat.org/fast/1152671,Distances--Measurement,http://id.loc.gov/authorities/subjects/sh85038512,Triangulation,http://id.loc.gov/authorities/subjects/sh85137410,"Wheeler, George M. (George Montague), 1842-1905",http://id.loc.gov/authorities/names/n82159058,"Colorado (United States, North America) (state)",http://vocab.getty.edu/page/tgn/7007158,,,,,,,narv_wheelerSurveyRecords_compBookNo61a_item33.pdf,https://ark.colorado.edu/ark:/47540/wr5h2013w97x,COU: 1705 | box 1 | item 33 | ID 314455,2025,application/pdf,https://www.iana.org/assignments/media-types/application/pdf,,"The organization that has made the Item available believes that the Item is in the Public Domain under the laws of the United States, but a determination was not made as to its copyright status under the copyright laws of other countries. The Item may not be in the Public Domain under the laws of other countries. Please refer to the organization that has made the Item available for more information.",http://rightsstatements.org/vocab/NoC-US/1.0/,34